feature,VIF
VARI_Avg_1,2.1845738467699785
Pixel_Count_1,2.1700643275713283
disk_height,1.022931215899441
