feature,VIF
VARI_Avg_1,1.981355580681299
Pixel_Count_1,1.945036559567842
disk_height,1.0271784221570035
