feature,VIF
ExG_Avg_1,1.775619527905081
Pixel_Count_1,1.7695891139631716
disk_height,1.0046139417410986
