feature,VIF
ExG_Avg_1,1.8530495685290804
Pixel_Count_1,1.8022505338333152
disk_height,1.0836030456362529
