feature,VIF
VARI_Avg_1,1.8176835509878893
Pixel_Count_1,1.8054584451061568
disk_height,1.009205158801711
