feature,VIF
disk_height,1.0077651418767206
ExG_Avg_1,1.0077651418767206
