feature,VIF
Pixel_Count_1,2.1118825850974283
ExG_Avg_1,1.962017916352629
VARI_Avg_0,1.2204279621877345
disk_height,1.1264506337963502
