feature,VIF
Pixel_Count_0,2.412859797138152
NDVI_Avg_1,1.9842937324434446
VARI_Avg_0,1.4477846774912786
disk_height,1.1515223511167942
