feature,VIF
disk_height,1.0032052526128068
NDVI_Avg_1,1.0032052526128066
