feature,VIF
Pixel_Count_0,2.8868315623223326
ExG_Avg_1,2.5186880962583205
VARI_Avg_0,1.414986212749253
disk_height,1.2341569787052469
