feature,VIF
Pixel_Count_0,2.7980527847501677
NDVI_Avg_1,2.273113486281692
VARI_Avg_0,1.4942533650917984
disk_height,1.1792708265350924
