feature,VIF
ExG_Avg_1,1.0173478387142194
disk_height,1.0173478387142192
