feature,VIF
ExG_Avg_1,1.0072057724802355
disk_height,1.0072057724802348
