feature,VIF
Pixel_Count_0,2.359627186737303
ExG_Avg_1,2.0577683381236347
VARI_Avg_0,1.3356965286288531
disk_height,1.1103237019103427
