feature,VIF
disk_height,1.0116038268920942
NDVI_Avg_1,1.0116038268920942
