feature,VIF
disk_height,1.005740389288361
ExG_Avg_1,1.005740389288361
