,B,ExG,G,NDRE,NDVI,NIR,R,RE,SAVI,VARI
split_pad3,0.06268605405856856,0.06494799317281791,0.06957976864801617,0.04655299048192674,0.10175575812321579,0.22812509410275192,0.033229936926581986,0.10598455609949856,0.2518598454650258,0.03527800292159642
split_pad5,0.07202767210189691,0.04338489563063561,0.07565921815510712,0.040233661498309495,0.1008152773698237,0.25741166467184434,0.026175800001488485,0.11649940728737308,0.24376119302750401,0.024031210256017194
split_pad9,0.08200285971712556,0.05443112814940203,0.07094703293031866,0.040115441419214554,0.0997779531399222,0.2483990227493401,0.02590875173619856,0.12687051362385326,0.22873687913587182,0.022810417398753193
