feature,VIF
Pixel_Count_0,1.00032588112575
disk_height,1.0003258811257498
