feature,VIF
Pixel_Count_0,1.00012533908032
disk_height,1.0001253390803198
