feature,VIF
disk_height,1.0000446206273743
Pixel_Count_0,1.0000446206273736
