feature,VIF
SAVI_Avg_0,9.754432445450375
Pixel_Count_0,6.3745483822736455
VARI_Avg_0,2.901503373920802
disk_height,1.0731140005236894
