feature,VIF
VARI_Avg_0,1.4068516466992607
Pixel_Count_0,1.2981968092590956
disk_height,1.1130125525834964
