feature,VIF
disk_height,1.008197752467853
NDVI_Avg_0,1.0081977524678527
