feature,VIF
VARI_Avg_0,1.3682899242306903
Pixel_Count_0,1.248213242515602
disk_height,1.122494771483173
