feature,VIF
disk_height,1.0049603572057053
Pixel_Count_0,1.0049603572057049
