feature,VIF
VARI_Avg_0,1.2545134819696477
Pixel_Count_0,1.1566043868774643
disk_height,1.1269401588454013
