feature,VIF
Pixel_Count_0,1.0000017574679225
disk_height,1.0000017574679223
