feature,VIF
VARI_Avg_0,1.6880487120012302
NDVI_Avg_0,1.599902936170574
disk_height,1.070042196632097
